timestamp,symbol,open,high,low,close,volume
2024-01-001T00:00:00,BTC,100.0,100.5,99.4,100.0,1000.0
2024-01-001T01:00:00,BTC,100.0,100.940057,99.44597,100.35591,1017.684724
2024-01-001T02:00:00,BTC,100.35591,101.29929,99.814295,100.70836,1035.323998
2024-01-001T03:00:00,BTC,100.70836,101.568047,100.109361,101.053935,1052.872643
2024-01-001T04:00:00,BTC,101.053935,101.964981,100.48857,101.3893,1070.286013
2024-01-001T05:00:00,BTC,101.3893,102.307141,100.860934,101.711249,1087.520265
2024-01-001T06:00:00,BTC,101.711249,102.544677,101.115232,102.016735,1104.532612
2024-01-001T07:00:00,BTC,102.016735,102.868614,101.441345,102.302916,1051.281583
2024-01-001T08:00:00,BTC,102.302916,103.166117,101.788366,102.567181,1067.727262
2024-01-001T09:00:00,BTC,102.567181,103.348403,101.976068,102.807191,1083.831528
2024-01-001T10:00:00,BTC,102.807191,103.575301,102.223284,103.020899,1099.558279
2024-01-001T11:00:00,BTC,103.020899,103.806578,102.520456,103.206579,1114.873646
2024-01-001T12:00:00,BTC,103.206579,103.916504,102.622193,103.362847,1129.746191
2024-01-001T13:00:00,BTC,103.362847,104.030693,102.772102,103.488676,1144.147098
2024-01-001T14:00:00,BTC,103.488676,104.182471,102.975002,103.58341,1088.050339
2024-01-001T15:00:00,BTC,103.58341,104.2118,103.007442,103.646771,1101.432829
2024-01-001T16:00:00,BTC,103.646771,104.20765,103.051005,103.67886,1114.274563
2024-01-001T17:00:00,BTC,103.67886,104.276298,103.151343,103.680158,1126.558734
2024-01-001T18:00:00,BTC,103.680158,104.255257,103.085488,103.65152,1138.271834
2024-01-001T19:00:00,BTC,103.65152,104.166507,102.99529,103.594161,1149.403729
2024-01-001T20:00:00,BTC,103.594161,104.185455,102.968835,103.509643,1159.947728
2024-01-001T21:00:00,BTC,103.509643,104.093308,102.845083,103.399856,1099.900611
2024-01-001T22:00:00,BTC,103.399856,103.900741,102.666996,103.266992,1109.262657
2024-01-001T23:00:00,BTC,103.266992,103.851614,102.560235,103.113518,1118.03764
2024-01-002T00:00:00,BTC,103.113518,103.704076,102.399731,102.942149,1126.232805
2024-01-002T01:00:00,BTC,102.942149,103.455384,102.156688,102.755808,1133.858826
2024-01-002T02:00:00,BTC,102.755808,103.332064,101.992902,102.557594,1140.929743
2024-01-002T03:00:00,BTC,102.557594,103.153232,101.821529,102.350743,1147.462879
2024-01-002T04:00:00,BTC,102.350743,102.877834,101.542325,102.138586,1083.478738
2024-01-002T05:00:00,BTC,102.138586,102.704949,101.349702,101.924508,1089.000884
2024-01-002T06:00:00,BTC,101.924508,102.523311,101.196484,101.711909,1094.0558
2024-01-002T07:00:00,BTC,101.711909,102.252312,100.912682,101.504157,1098.672732
2024-01-002T08:00:00,BTC,101.504157,102.059299,100.721127,101.30455,1102.883516
2024-01-002T09:00:00,BTC,101.30455,101.904541,100.614945,101.116273,1106.722392
2024-01-002T10:00:00,BTC,101.116273,101.669181,100.357502,100.942359,1110.225798
2024-01-002T11:00:00,BTC,100.942359,101.485178,100.195285,100.785654,1043.432157
2024-01-002T12:00:00,BTC,100.785654,101.384832,100.135979,100.648775,1046.381647
2024-01-002T13:00:00,BTC,100.648775,101.213129,99.957543,100.534085,1049.115967
2024-01-002T14:00:00,BTC,100.534085,101.063722,99.848151,100.443659,1051.678089
2024-01-002T15:00:00,BTC,100.443659,101.040038,99.852595,100.37926,1054.112001
2024-01-002T16:00:00,BTC,100.37926,100.953771,99.775623,100.342316,1056.462451
2024-01-002T17:00:00,BTC,100.342316,100.858179,99.735172,100.333906,1061.225319
2024-01-002T18:00:00,BTC,100.333906,100.946391,99.793907,100.354739,1008.905843
2024-01-002T19:00:00,BTC,100.354739,100.98833,99.799227,100.405152,1026.533695
2024-01-002T20:00:00,BTC,100.405152,100.986875,99.805168,100.485105,1044.063763
2024-01-002T21:00:00,BTC,100.485105,101.179267,99.932573,100.594177,1061.451512
2024-01-002T22:00:00,BTC,100.594177,101.321753,100.050959,100.731575,1078.653249
2024-01-002T23:00:00,BTC,100.731575,101.4085,100.132341,100.896143,1095.626381
2024-01-003T00:00:00,BTC,100.896143,101.663201,100.332128,101.086375,1112.329668
2024-01-003T01:00:00,BTC,101.086375,101.895812,100.556316,101.300437,1058.723465
2024-01-003T02:00:00,BTC,101.300437,102.06242,100.70394,101.536183,1074.769957
2024-01-003T03:00:00,BTC,101.536183,102.358211,100.961967,101.791188,1090.433383
2024-01-003T04:00:00,BTC,101.791188,102.661438,101.274889,102.062775,1105.68025
2024-01-003T05:00:00,BTC,102.062775,102.887642,101.470947,102.348049,1120.479525
2024-01-003T06:00:00,BTC,102.348049,103.19981,101.765118,102.643931,1134.802824
2024-01-003T07:00:00,BTC,102.643931,103.547173,102.141718,102.947198,1148.624579
2024-01-003T08:00:00,BTC,102.947198,103.806676,102.361875,103.254521,1091.922187
2024-01-003T09:00:00,BTC,103.254521,104.106124,102.664534,103.562508,1104.676145
2024-01-003T10:00:00,BTC,103.562508,104.467033,103.05059,103.867746,1116.870165
2024-01-003T11:00:00,BTC,103.867746,104.730514,103.290638,104.16684,1128.491271
2024-01-003T12:00:00,BTC,104.16684,104.986941,103.571599,104.45646,1139.529876
2024-01-003T13:00:00,BTC,104.45646,105.32999,103.93065,104.733378,1149.979838
2024-01-003T14:00:00,BTC,104.733378,105.568427,104.166027,104.994508,1159.838494
2024-01-003T15:00:00,BTC,104.994508,105.753685,104.395919,105.23695,1099.106681
2024-01-003T16:00:00,BTC,105.23695,106.050019,104.697764,105.458016,1107.788727
2024-01-003T17:00:00,BTC,105.458016,106.237957,104.901771,105.655274,1115.892427
2024-01-003T18:00:00,BTC,105.655274,106.329226,105.05531,105.826571,1123.428996
2024-01-003T19:00:00,BTC,105.826571,106.555614,105.274794,105.970062,1130.413004
2024-01-003T20:00:00,BTC,105.970062,106.674025,105.426048,106.084233,1136.862286
2024-01-003T21:00:00,BTC,106.084233,106.679398,105.484894,106.16792,1142.797844
2024-01-003T22:00:00,BTC,106.16792,106.797712,105.604588,106.220323,1078.243716
2024-01-003T23:00:00,BTC,106.220323,106.836124,105.689421,106.241019,1083.226835
2024-01-004T00:00:00,BTC,106.241019,106.766401,105.633236,106.229961,1087.776873
2024-01-004T01:00:00,BTC,106.229961,106.797639,105.613868,106.187488,1091.926062
2024-01-004T02:00:00,BTC,106.187488,106.786002,105.597139,106.114311,1095.709005
2024-01-004T03:00:00,BTC,106.114311,106.653089,105.419339,106.011514,1099.162472
2024-01-004T04:00:00,BTC,106.011514,106.568125,105.2981,105.880534,1102.32518
2024-01-004T05:00:00,BTC,105.880534,106.480486,105.220049,105.723147,1035.237567
2024-01-004T06:00:00,BTC,105.723147,106.274545,104.955666,105.541446,1037.94155
2024-01-004T07:00:00,BTC,105.541446,106.085857,104.748218,105.337815,1040.48028
2024-01-004T08:00:00,BTC,105.337815,105.937204,104.603862,105.114901,1042.897884
2024-01-004T09:00:00,BTC,105.114901,105.677889,104.29791,104.875579,1045.239208
2024-01-004T10:00:00,BTC,104.875579,105.406902,104.027953,104.62292,1052.450455
2024-01-004T11:00:00,BTC,104.62292,105.219757,103.8352,104.360154,1070.125625
2024-01-004T12:00:00,BTC,104.360154,104.933473,103.522624,104.090626,1017.740909
2024-01-004T13:00:00,BTC,104.090626,104.608234,103.219322,103.81776,1035.25127
2024-01-004T14:00:00,BTC,103.81776,104.410106,103.006645,103.545014,1052.612288
2024-01-004T15:00:00,BTC,103.545014,104.127196,102.718866,103.275841,1069.78043
2024-01-004T16:00:00,BTC,103.275841,103.779381,102.413705,103.013642,1086.7133
2024-01-004T17:00:00,BTC,103.013642,103.599649,102.210713,102.761731,1103.369896
2024-01-004T18:00:00,BTC,102.761731,103.35113,101.978479,102.523286,1119.71085
2024-01-004T19:00:00,BTC,102.523286,103.033885,101.701884,102.301321,1065.69866
2024-01-004T20:00:00,BTC,102.301321,102.879268,101.535994,102.098639,1081.297912
2024-01-004T21:00:00,BTC,102.098639,102.693467,101.38606,101.917803,1096.47549
2024-01-004T22:00:00,BTC,101.917803,102.442329,101.164161,101.761107,1111.200774
2024-01-004T23:00:00,BTC,101.761107,102.329433,101.057524,101.630541,1125.445817
2024-01-005T00:00:00,BTC,101.630541,102.2289,101.009732,101.527775,1139.185513
2024-01-005T01:00:00,BTC,101.527775,102.065736,100.861617,101.454132,1152.397743
2024-01-005T02:00:00,BTC,101.454132,102.01147,100.828649,101.410578,1095.063512
2024-01-005T03:00:00,BTC,101.410578,102.010499,100.893724,101.397706,1107.167051
2024-01-005T04:00:00,BTC,101.397706,101.966367,100.811474,101.41573,1118.695921
2024-01-005T05:00:00,BTC,101.41573,102.009689,100.82653,101.464487,1129.641079
2024-01-005T06:00:00,BTC,101.464487,102.142915,100.954328,101.543432,1139.996936
2024-01-005T07:00:00,BTC,101.543432,102.213952,100.965209,101.651653,1149.761387
2024-01-005T08:00:00,BTC,101.651653,102.320039,101.056966,101.787877,1158.935825
2024-01-005T09:00:00,BTC,101.787877,102.547542,101.263781,101.950488,1097.525132
2024-01-005T10:00:00,BTC,101.950488,102.710264,101.38184,102.137549,1105.537652
2024-01-005T11:00:00,BTC,102.137549,102.865302,101.539272,102.346824,1112.985139
2024-01-005T12:00:00,BTC,102.346824,103.168489,101.809273,102.575807,1119.882689
2024-01-005T13:00:00,BTC,102.575807,103.403426,102.018107,102.821752,1126.248652
2024-01-005T14:00:00,BTC,102.821752,103.586136,102.22185,103.081711,1132.104518
2024-01-005T15:00:00,BTC,103.081711,103.939022,102.531457,103.352567,1137.474799
2024-01-005T16:00:00,BTC,103.352567,104.220074,102.80697,103.631074,1072.386875
2024-01-005T17:00:00,BTC,103.631074,104.423616,103.031547,103.913898,1076.870838
2024-01-005T18:00:00,BTC,103.913898,104.776156,103.351946,104.197658,1080.95931
2024-01-005T19:00:00,BTC,104.197658,105.073511,103.665077,104.478968,1084.687254
2024-01-005T20:00:00,BTC,104.478968,105.278146,103.881808,104.75448,1088.091765
2024-01-005T21:00:00,BTC,104.75448,105.589894,104.18207,105.020924,1091.211849
2024-01-005T22:00:00,BTC,105.020924,105.873348,104.502011,105.275153,1094.088196
2024-01-005T23:00:00,BTC,105.275153,106.051314,104.682306,105.514174,1026.762937
2024-01-006T00:00:00,BTC,105.514174,106.293255,104.932756,105.735194,1029.279396
2024-01-006T01:00:00,BTC,105.735194,106.535532,105.230328,105.93565,1031.681831
2024-01-006T02:00:00,BTC,105.93565,106.663113,105.348974,106.113242,1034.015178
2024-01-006T03:00:00,BTC,106.113242,106.811952,105.524445,106.265961,1043.675222
2024-01-006T04:00:00,BTC,106.265961,106.991685,105.756684,106.392117,1061.343886
2024-01-006T05:00:00,BTC,106.392117,107.051958,105.813345,106.490354,1078.94546
2024-01-006T06:00:00,BTC,106.490354,107.092674,105.895956,106.559675,1026.434985
2024-01-006T07:00:00,BTC,106.559675,107.196712,106.036439,106.599449,1043.768168
2024-01-006T08:00:00,BTC,106.599449,107.181524,106.03016,106.60942,1060.901637
2024-01-006T09:00:00,BTC,106.60942,107.128768,105.991602,106.589713,1077.793204
2024-01-006T10:00:00,BTC,106.589713,107.182723,106.004099,106.540828,1094.402111
2024-01-006T11:00:00,BTC,106.540828,107.121988,105.905218,106.463639,1110.68927
2024-01-006T12:00:00,BTC,106.463639,106.968947,105.759521,106.35938,1126.617499
2024-01-006T13:00:00,BTC,106.35938,106.946277,105.680147,106.229634,1072.151735
2024-01-006T14:00:00,BTC,106.229634,106.818226,105.529924,106.076307,1087.259248
2024-01-006T15:00:00,BTC,106.076307,106.585144,105.302002,105.901611,1101.909832
2024-01-006T16:00:00,BTC,105.901611,106.480655,105.14678,105.708035,1116.07598
2024-01-006T17:00:00,BTC,105.708035,106.302287,104.964897,105.498313,1129.733055
2024-01-006T18:00:00,BTC,105.498313,106.021119,104.678027,105.275392,1142.859427
2024-01-006T19:00:00,BTC,105.275392,105.845,104.470599,105.042395,1155.436605
2024-01-006T20:00:00,BTC,105.042395,105.640419,104.282801,104.802583,1097.449348
2024-01-006T21:00:00,BTC,104.802583,105.3389,103.966142,104.559314,1108.885752
2024-01-006T22:00:00,BTC,104.559314,105.118093,103.735103,104.316004,1119.737322
2024-01-006T23:00:00,BTC,104.316004,104.915839,103.570333,104.076083,1129.999021
2024-01-007T00:00:00,BTC,104.076083,104.625185,103.255838,103.842952,1139.669301
2024-01-007T01:00:00,BTC,103.842952,104.389727,103.031558,103.619944,1148.750113
2024-01-007T02:00:00,BTC,103.619944,104.219591,102.901884,103.41028,1157.246893
2024-01-007T03:00:00,BTC,103.41028,103.971184,102.637717,103.21703,1095.168531
2024-01-007T04:00:00,BTC,103.21703,103.750864,102.448976,103.043078,1102.52732
2024-01-007T05:00:00,BTC,103.043078,103.640543,102.368708,102.891082,1109.338879
2024-01-007T06:00:00,BTC,102.891082,103.462569,102.193518,102.763443,1115.622067
2024-01-007T07:00:00,BTC,102.763443,103.283658,102.064343,102.662278,1121.398865
2024-01-007T08:00:00,BTC,102.662278,103.25561,102.053485,102.589389,1126.69425
2024-01-007T09:00:00,BTC,102.589389,103.17003,101.987108,102.546245,1131.536047
2024-01-007T10:00:00,BTC,102.546245,103.052437,101.934153,102.533961,1065.954762
2024-01-007T11:00:00,BTC,102.533961,103.140617,101.985245,102.553285,1069.983405
2024-01-007T12:00:00,BTC,102.553285,103.192768,102.00612,102.60459,1073.657292
2024-01-007T13:00:00,BTC,102.60459,103.195821,102.004907,102.687866,1077.013836
2024-01-007T14:00:00,BTC,102.687866,103.382308,102.127314,102.802725,1080.092329
2024-01-007T15:00:00,BTC,102.802725,103.542352,102.268476,102.9484,1082.933706
2024-01-007T16:00:00,BTC,102.9484,103.645701,102.350837,103.123759,1085.580306
2024-01-007T17:00:00,BTC,103.123759,103.897555,102.552581,103.327314,1018.075617
2024-01-007T18:00:00,BTC,103.327314,104.155092,102.806666,103.557247,1020.464024
2024-01-007T19:00:00,BTC,103.557247,104.346912,102.963757,103.811421,1022.790545
2024-01-007T20:00:00,BTC,103.811421,104.646911,103.231044,104.087417,1034.899438
2024-01-007T21:00:00,BTC,104.087417,104.982338,103.580784,104.382558,1052.560445
2024-01-007T22:00:00,BTC,104.382558,105.24227,103.795012,104.69394,1070.147166
2024-01-007T23:00:00,BTC,104.69394,105.566029,104.105972,105.018474,1087.614732
2024-01-008T00:00:00,BTC,105.018474,105.952635,104.510961,105.352918,1034.918977
2024-01-008T01:00:00,BTC,105.352918,106.254119,104.773069,105.693919,1052.016704
2024-01-008T02:00:00,BTC,105.693919,106.572718,105.100119,106.038053,1068.865933
2024-01-008T03:00:00,BTC,106.038053,106.979529,105.516543,106.38187,1085.426158
2024-01-008T04:00:00,BTC,106.38187,107.292799,105.811315,106.721933,1101.658578
2024-01-008T05:00:00,BTC,106.721933,107.575941,106.12418,107.05486,1117.526335
2024-01-008T06:00:00,BTC,107.05486,107.971014,106.519783,107.377368,1132.994725
2024-01-008T07:00:00,BTC,107.377368,108.266423,106.817519,107.68631,1078.031406
2024-01-008T08:00:00,BTC,107.68631,108.485792,107.08656,107.978717,1092.606591
2024-01-008T09:00:00,BTC,107.978717,108.83959,107.430776,108.251831,1106.69322
2024-01-008T10:00:00,BTC,108.251831,109.090898,107.703887,108.50314,1120.267124
2024-01-008T11:00:00,BTC,108.50314,109.237482,107.90339,108.730409,1133.307167
2024-01-008T12:00:00,BTC,108.730409,109.511823,108.170563,108.931708,1145.795369
2024-01-008T13:00:00,BTC,108.931708,109.699076,108.396628,109.105431,1157.717013
2024-01-008T14:00:00,BTC,109.105431,109.771398,108.507677,109.25032,1099.060736
2024-01-008T15:00:00,BTC,109.25032,109.936349,108.679767,109.365481,1109.818589
2024-01-008T16:00:00,BTC,109.365481,110.048048,108.843968,109.450389,1119.986091
2024-01-008T17:00:00,BTC,109.450389,110.039561,108.856589,109.504899,1129.56225
2024-01-008T18:00:00,BTC,109.504899,110.089448,108.925051,109.529246,1138.549575
2024-01-008T19:00:00,BTC,109.529246,110.128963,109.016522,109.524039,1146.954053
2024-01-008T20:00:00,BTC,109.524039,110.071591,108.902288,109.490258,1154.785122
2024-01-008T21:00:00,BTC,109.490258,110.03859,108.841695,109.429239,1092.055608
2024-01-008T22:00:00,BTC,109.429239,110.029019,108.836024,109.342655,1098.781655
2024-01-008T23:00:00,BTC,109.342655,109.902146,108.652119,109.232498,1104.982626
2024-01-009T00:00:00,BTC,109.232498,109.767992,108.507564,109.101053,1110.680989
2024-01-009T01:00:00,BTC,109.101053,109.698899,108.430224,108.95087,1115.902186
2024-01-009T02:00:00,BTC,108.95087,109.521108,108.213549,108.784729,1120.674478
2024-01-009T03:00:00,BTC,108.784729,109.306674,108.008047,108.605609,1125.028784
2024-01-009T04:00:00,BTC,108.605609,109.199562,107.882404,108.416651,1058.998494
2024-01-009T05:00:00,BTC,108.416651,108.996231,107.660559,108.221114,1062.619273
2024-01-009T06:00:00,BTC,108.221114,108.729072,107.422658,108.022341,1065.928849
2024-01-009T07:00:00,BTC,108.022341,108.610521,107.276549,107.823711,1068.96679
2024-01-009T08:00:00,BTC,107.823711,108.411041,107.079883,107.628602,1071.774272
2024-01-009T09:00:00,BTC,107.628602,108.134791,106.840536,107.440345,1074.393834
2024-01-009T10:00:00,BTC,107.440345,108.020986,106.703049,107.262184,1076.869124
2024-01-009T11:00:00,BTC,107.262184,107.855515,106.56133,107.097238,1009.244646
2024-01-009T12:00:00,BTC,107.097238,107.61745,106.350521,106.948457,1011.565494
2024-01-009T13:00:00,BTC,106.948457,107.519947,106.248667,106.81859,1026.122918
2024-01-009T14:00:00,BTC,106.81859,107.416054,106.18777,106.710147,1043.775117
2024-01-009T15:00:00,BTC,106.710147,107.243977,106.031267,106.62537,1061.345847
2024-01-009T16:00:00,BTC,106.62537,107.186277,105.986894,106.566205,1078.790332
2024-01-009T17:00:00,BTC,106.566205,107.165852,106.025877,106.534276,1096.064544
2024-01-009T18:00:00,BTC,106.534276,107.081047,105.942476,106.530863,1043.125461
2024-01-009T19:00:00,BTC,106.530863,107.105997,105.94375,106.556893,1059.931325
2024-01-009T20:00:00,BTC,106.556893,107.212752,106.051145,106.612918,1076.441882
2024-01-009T21:00:00,BTC,106.612918,107.257893,106.032015,106.699116,1092.618628
2024-01-009T22:00:00,BTC,106.699116,107.351606,106.105945,106.815286,1108.425033
2024-01-009T23:00:00,BTC,106.815286,107.558872,106.295507,106.960847,1123.826755
2024-01-010T00:00:00,BTC,106.960847,107.704455,106.389049,107.13485,1138.791848
2024-01-010T01:00:00,BTC,107.13485,107.858792,106.537485,107.335984,1083.290947
2024-01-010T02:00:00,BTC,107.335984,108.156849,106.80257,107.562597,1097.297443
2024-01-010T03:00:00,BTC,107.562597,108.391753,107.001339,107.812711,1110.78764
2024-01-010T04:00:00,BTC,107.812711,108.592892,107.213103,108.084052,1123.740898
2024-01-010T05:00:00,BTC,108.084052,108.962664,107.537672,108.37407,1136.139749
2024-01-010T06:00:00,BTC,108.37407,109.266874,107.824581,108.679979,1147.970007
2024-01-010T07:00:00,BTC,108.679979,109.504087,108.080119,108.998782,1159.220846
2024-01-010T08:00:00,BTC,108.998782,109.908477,108.440363,109.327315,1099.884868
2024-01-010T09:00:00,BTC,109.327315,110.255291,108.790583,109.662282,1109.958148
2024-01-010T10:00:00,BTC,109.662282,110.51964,109.06417,110.000296,1119.440251
2024-01-010T11:00:00,BTC,110.000296,110.910028,109.431008,110.337922,1128.33424
2024-01-010T12:00:00,BTC,110.337922,111.268978,109.814683,110.671716,1136.646656
2024-01-010T13:00:00,BTC,110.671716,111.531267,110.077316,110.99827,1144.387481
2024-01-010T14:00:00,BTC,110.99827,111.875861,110.419501,111.314254,1151.570075
2024-01-010T15:00:00,BTC,111.314254,112.216022,110.804973,111.616454,1088.211101
2024-01-010T16:00:00,BTC,111.616454,112.447802,111.027656,111.901814,1094.330426
2024-01-010T17:00:00,BTC,111.901814,112.717346,111.315139,112.167472,1099.951
2024-01-010T18:00:00,BTC,112.167472,113.01068,111.662609,112.410798,1105.098725
2024-01-010T19:00:00,BTC,112.410798,113.18748,111.829378,112.629421,1109.802297
2024-01-010T20:00:00,BTC,112.629421,113.358407,112.036575,112.821264,1114.093042
2024-01-010T21:00:00,BTC,112.821264,113.582761,112.302354,112.984565,1118.004725
2024-01-010T22:00:00,BTC,112.984565,113.686868,112.412153,113.117901,1051.573354
2024-01-010T23:00:00,BTC,113.117901,113.743873,112.520742,113.220204,1054.836965
2024-01-011T00:00:00,BTC,113.220204,113.885321,112.687626,113.290776,1057.8354
2024-01-011T01:00:00,BTC,113.290776,113.907792,112.728822,113.329296,1060.610067
2024-01-011T02:00:00,BTC,113.329296,113.845545,112.72977,113.335824,1063.203699
2024-01-011T03:00:00,BTC,113.335824,113.924825,112.765206,113.3108,1065.660098
2024-01-011T04:00:00,BTC,113.3108,113.897254,112.704783,113.25504,1068.02388
2024-01-011T05:00:00,BTC,113.25504,113.759461,112.569823,113.169725,1000.340207
2024-01-011T06:00:00,BTC,113.169725,113.751401,112.498688,113.056386,1017.345479
2024-01-011T07:00:00,BTC,113.056386,113.649067,112.379332,112.916885,1034.987721
2024-01-011T08:00:00,BTC,112.916885,113.435361,112.155116,112.753394,1052.541322
2024-01-011T09:00:00,BTC,112.753394,113.326111,111.999719,112.568366,1069.961609
2024-01-011T10:00:00,BTC,112.568366,113.165418,111.840405,112.364504,1087.204695
2024-01-011T11:00:00,BTC,112.364504,112.896664,111.550045,112.144733,1104.227744
2024-01-011T12:00:00,BTC,112.144733,112.707034,111.333937,111.912158,1050.989219
2024-01-011T13:00:00,BTC,111.912158,112.511641,111.159867,111.670029,1067.449132
2024-01-011T14:00:00,BTC,111.670029,112.215229,110.832497,111.421699,1083.569276
2024-01-011T15:00:00,BTC,111.421699,111.972338,110.584356,111.170586,1099.313457
2024-01-011T16:00:00,BTC,111.170586,111.770507,110.416149,110.920128,1114.6477
2024-01-011T17:00:00,BTC,110.920128,111.477463,110.091811,110.673741,1129.540459
2024-01-011T18:00:00,BTC,110.673741,111.211705,109.842266,110.43478,1143.962797
2024-01-011T19:00:00,BTC,110.43478,111.033139,109.688453,110.206493,1087.888558
2024-01-011T20:00:00,BTC,110.206493,110.774817,109.418967,109.991986,1101.294525
2024-01-011T21:00:00,BTC,109.991986,110.516514,109.197237,109.794182,1114.160554
2024-01-011T22:00:00,BTC,109.794182,110.389011,109.084044,109.615784,1126.469695
2024-01-011T23:00:00,BTC,109.615784,110.193729,108.896601,109.459248,1138.20829
2024-01-012T00:00:00,BTC,109.459248,109.96985,108.727307,109.326744,1149.366058
2024-01-012T01:00:00,BTC,109.326744,109.916145,108.675332,109.220137,1159.936151
2024-01-012T02:00:00,BTC,109.220137,109.806142,108.58994,109.140961,1099.915197
2024-01-012T03:00:00,BTC,109.140961,109.644498,108.490463,109.0904,1109.30332
2024-01-012T04:00:00,BTC,109.0904,109.672584,108.512304,109.069277,1118.10414
2024-01-012T05:00:00,BTC,109.069277,109.670382,108.530904,109.078038,1126.324748
2024-01-012T06:00:00,BTC,109.078038,109.634358,108.479599,109.116753,1133.975667
2024-01-012T07:00:00,BTC,109.116753,109.758434,108.548753,109.185113,1141.070792
2024-01-012T08:00:00,BTC,109.185113,109.879269,108.660156,109.282434,1147.627303
2024-01-012T09:00:00,BTC,109.282434,109.938984,108.687465,109.407664,1083.665564
2024-01-012T10:00:00,BTC,109.407664,110.122392,108.829997,109.559401,1089.209007
2024-01-012T11:00:00,BTC,109.559401,110.335295,109.048359,109.735907,1094.283988
2024-01-012T12:00:00,BTC,109.735907,110.479538,109.146308,109.935129,1098.919636
2024-01-012T13:00:00,BTC,109.935129,110.70613,109.349351,110.15473,1103.147676
2024-01-012T14:00:00,BTC,110.15473,110.992062,109.651635,110.39211,1107.002246
2024-01-012T15:00:00,BTC,110.39211,111.201056,109.809676,110.644448,1110.519691
2024-01-012T16:00:00,BTC,110.644448,111.44751,110.052274,110.908729,1043.73835
2024-01-012T17:00:00,BTC,110.908729,111.7803,110.39156,111.181785,1046.698329
2024-01-012T18:00:00,BTC,111.181785,112.028011,110.608164,111.460336,1049.441266
2024-01-012T19:00:00,BTC,111.460336,112.266414,110.863612,111.741029,1052.01008
2024-01-012T20:00:00,BTC,111.741029,112.615585,111.21013,112.020479,1054.448721
2024-01-012T21:00:00,BTC,112.020479,112.872699,111.457144,112.295312,1056.801909
2024-01-012T22:00:00,BTC,112.295312,113.07369,111.695973,112.562209,1060.885131
2024-01-012T23:00:00,BTC,112.562209,113.407738,112.018197,112.817944,1008.566936
2024-01-013T00:00:00,BTC,112.817944,113.644978,112.266165,113.059427,1026.198075
2024-01-013T01:00:00,BTC,113.059427,113.786393,112.459463,113.283741,1043.733414
2024-01-013T02:00:00,BTC,113.283741,114.070863,112.727499,113.488179,1061.128388
2024-01-013T03:00:00,BTC,113.488179,114.262278,112.94899,113.670277,1078.339261
2024-01-013T04:00:00,BTC,113.670277,114.344578,113.071686,113.827845,1095.323386
2024-01-013T05:00:00,BTC,113.827845,114.532918,113.260497,113.958998,1112.039458
2024-01-013T06:00:00,BTC,113.958998,114.658785,113.433185,114.062174,1058.447756
2024-01-013T07:00:00,BTC,114.062174,114.666635,113.466932,114.136157,1074.51038
2024-01-013T08:00:00,BTC,114.136157,114.743768,113.559051,114.180092,1090.191473
2024-01-013T09:00:00,BTC,114.180092,114.792782,113.668171,114.193495,1105.457438
2024-01-013T10:00:00,BTC,114.193495,114.737109,113.586275,114.176263,1120.277128
2024-01-013T11:00:00,BTC,114.176263,114.728421,113.54335,114.12867,1134.62204
2024-01-013T12:00:00,BTC,114.12867,114.728646,113.549159,114.051369,1148.466477
2024-01-013T13:00:00,BTC,114.051369,114.607245,113.362448,113.945381,1091.787702
2024-01-013T14:00:00,BTC,113.945381,114.484976,113.220258,113.812085,1104.566072
2024-01-013T15:00:00,BTC,113.812085,114.410749,113.136906,113.653202,1116.785156
2024-01-013T16:00:00,BTC,113.653202,114.220222,112.896552,113.47077,1128.431828
2024-01-013T17:00:00,BTC,113.47077,113.99701,112.670629,113.267125,1139.496351
2024-01-013T18:00:00,BTC,113.267125,113.862501,112.514813,113.044869,1149.972428
2024-01-013T19:00:00,BTC,113.044869,113.621692,112.242822,112.806839,1159.857244
2024-01-013T20:00:00,BTC,112.806839,113.319199,111.956839,112.556072,1099.15148
2024-01-013T21:00:00,BTC,112.556072,113.146252,111.752555,112.295771,1107.85931
2024-01-013T22:00:00,BTC,112.295771,112.880859,111.476725,112.02926,1115.988376
2024-01-013T23:00:00,BTC,112.02926,112.531027,111.159964,111.759949,1123.549744
2024-01-014T00:00:00,BTC,111.759949,112.343128,110.935781,111.49129,1130.557836
2024-01-014T01:00:00,BTC,111.49129,112.082941,110.686734,111.226736,1137.030347
2024-01-014T02:00:00,BTC,111.226736,111.742595,110.37096,110.969695,1142.98814
2024-01-014T03:00:00,BTC,110.969695,111.544208,110.156802,110.723493,1078.45512
2024-01-014T04:00:00,BTC,110.723493,111.319872,109.964665,110.491332,1083.458098
2024-01-014T05:00:00,BTC,110.491332,111.020966,109.680741,110.27625,1088.026626
2024-01-014T06:00:00,BTC,110.27625,110.840606,109.504542,110.081082,1092.192829
2024-01-014T07:00:00,BTC,110.081082,110.680259,109.395631,109.90843,1095.991209
2024-01-014T08:00:00,BTC,109.90843,110.451245,109.170257,109.760628,1099.458442
2024-01-014T09:00:00,BTC,109.760628,110.313539,109.054859,109.639714,1102.633167
2024-01-014T10:00:00,BTC,109.639714,110.239706,109.046082,109.547406,1035.555748
2024-01-014T11:00:00,BTC,109.547406,110.102547,108.901657,109.485081,1038.268045
2024-01-014T12:00:00,BTC,109.485081,110.025487,108.862282,109.453755,1040.813157
2024-01-014T13:00:00,BTC,109.453755,110.05288,108.938332,109.454076,1043.235175
2024-01-014T14:00:00,BTC,109.454076,110.052675,108.879268,109.486314,1045.578917
2024-01-014T15:00:00,BTC,109.486314,110.07745,108.890054,109.550356,1052.110336
2024-01-014T16:00:00,BTC,109.550356,110.24135,109.021145,109.645711,1069.787108
2024-01-014T17:00:00,BTC,109.645711,110.347767,109.081017,109.771513,1017.405996
2024-01-014T18:00:00,BTC,109.771513,110.439773,109.172393,109.926535,1034.921942
2024-01-014T19:00:00,BTC,109.926535,110.699759,109.384119,110.1092,1052.290493
2024-01-014T20:00:00,BTC,110.1092,110.902227,109.555914,110.317607,1069.46807
2024-01-014T21:00:00,BTC,110.317607,111.05043,109.717611,110.549548,1086.412223
2024-01-014T22:00:00,BTC,110.549548,111.386206,109.994777,110.802539,1103.081883
2024-01-014T23:00:00,BTC,110.802539,111.665145,110.261728,111.073851,1119.437604
2024-01-015T00:00:00,BTC,111.073851,111.875527,110.47498,111.360543,1065.441797
2024-01-015T01:00:00,BTC,111.360543,112.234596,110.794513,111.659495,1081.058951
2024-01-015T02:00:00,BTC,111.659495,112.563593,111.131976,111.967454,1096.255845
2024-01-015T03:00:00,BTC,111.967454,112.809855,111.371687,112.281067,1111.001744
2024-01-015T04:00:00,BTC,112.281067,113.161958,111.7051,112.596927,1125.268578
2024-01-015T05:00:00,BTC,112.596927,113.510672,112.08325,112.911612,1139.031114
2024-01-015T06:00:00,BTC,112.911612,113.763743,112.320866,113.221729,1152.267098
2024-01-015T07:00:00,BTC,113.221729,114.077616,112.637345,113.523956,1094.957392
2024-01-015T08:00:00,BTC,113.523956,114.415081,113.023516,113.815082,1107.086084
2024-01-015T09:00:00,BTC,113.815082,114.646447,113.231173,114.092047,1118.640587
2024-01-015T10:00:00,BTC,114.092047,114.893195,113.500935,114.35198,1129.611705
2024-01-015T11:00:00,BTC,114.35198,115.19117,113.837433,114.592233,1139.993695
2024-01-015T12:00:00,BTC,114.592233,115.376113,114.016841,114.810416,1149.784298
2024-01-015T13:00:00,BTC,114.810416,115.532369,114.2144,115.004424,1158.984752
2024-01-015T14:00:00,BTC,115.004424,115.768358,114.476061,115.172465,1097.599787
2024-01-015T15:00:00,BTC,115.172465,115.888757,114.607098,115.313079,1105.637593
2024-01-015T16:00:00,BTC,115.313079,115.939274,114.71408,115.425159,1113.109775
2024-01-015T17:00:00,BTC,115.425159,116.098894,114.883547,115.507963,1120.031283
2024-01-015T18:00:00,BTC,115.507963,116.14527,114.95393,115.561124,1126.420324
2024-01-015T19:00:00,BTC,115.561124,116.084656,114.961124,115.584653,1132.298255
2024-01-015T20:00:00,BTC,115.584653,116.168802,115.024911,115.578939,1137.689454
2024-01-015T21:00:00,BTC,115.578939,116.169867,115.003127,115.544744,1072.621178
2024-01-015T22:00:00,BTC,115.544744,116.058853,114.884196,115.483195,1077.123403
2024-01-015T23:00:00,BTC,115.483195,116.058877,114.830406,115.395768,1081.228644
2024-01-016T00:00:00,BTC,115.395768,115.99166,114.755901,115.28427,1084.971764
2024-01-016T01:00:00,BTC,115.28427,115.812209,114.554798,115.150816,1088.389768
2024-01-016T02:00:00,BTC,115.150816,115.716517,114.422416,114.997805,1091.521583
2024-01-016T03:00:00,BTC,114.997805,115.59674,114.313333,114.827886,1094.407829
2024-01-016T04:00:00,BTC,114.827886,115.369095,114.052816,114.64393,1027.090579
2024-01-016T05:00:00,BTC,114.64393,115.198335,113.865085,114.44899,1029.613108
2024-01-016T06:00:00,BTC,114.44899,115.048989,113.745821,114.246266,1032.019641
2024-01-016T07:00:00,BTC,114.246266,114.799921,113.454676,114.039063,1034.355087
2024-01-016T08:00:00,BTC,114.039063,114.581083,113.240008,113.830752,1043.335224
2024-01-016T09:00:00,BTC,113.830752,114.429813,113.111055,113.624726,1061.00581
2024-01-016T10:00:00,BTC,113.624726,114.189752,112.848388,113.424359,1078.611305
2024-01-016T11:00:00,BTC,113.424359,113.953152,112.637199,113.232964,1026.106728
2024-01-016T12:00:00,BTC,113.232964,113.829105,112.52624,113.053753,1043.447749
2024-01-016T13:00:00,BTC,113.053753,113.62885,112.32376,112.889794,1060.590953
2024-01-016T14:00:00,BTC,112.889794,113.404785,112.145105,112.743975,1077.494091
2024-01-016T15:00:00,BTC,112.743975,113.335271,112.078162,112.618967,1094.116338
2024-01-016T16:00:00,BTC,112.618967,113.202631,111.962418,112.517193,1110.418528
2024-01-016T17:00:00,BTC,112.517193,113.018081,111.840797,112.440793,1126.363388
2024-01-016T18:00:00,BTC,112.440793,113.025417,111.838321,112.391602,1071.915759
2024-01-016T19:00:00,BTC,112.391602,112.982158,111.828704,112.371124,1087.042803
2024-01-016T20:00:00,BTC,112.371124,112.893748,111.772004,112.380515,1101.714197
2024-01-016T21:00:00,BTC,112.380515,112.996825,111.815826,112.420567,1115.902313
2024-01-016T22:00:00,BTC,112.420567,113.087334,111.891351,112.491698,1129.582382
2024-01-016T23:00:00,BTC,112.491698,113.121033,111.895436,112.593945,1142.73264
2024-01-017T00:00:00,BTC,112.593945,113.293334,112.019142,112.726968,1155.334453
2024-01-017T01:00:00,BTC,112.726968,113.488851,112.21154,112.890048,1097.372436
2024-01-017T02:00:00,BTC,112.890048,113.622499,112.298572,113.082098,1108.834535
2024-01-017T03:00:00,BTC,113.082098,113.856821,112.498677,113.301676,1119.712102
2024-01-017T04:00:00,BTC,113.301676,114.146994,112.800345,113.547002,1129.999948
2024-01-017T05:00:00,BTC,113.547002,114.368887,112.962144,113.815982,1139.696369
2024-01-017T06:00:00,BTC,113.815982,114.649047,113.225614,114.106226,1148.803162
2024-01-017T07:00:00,BTC,114.106226,115.014265,113.593433,114.415086,1157.32561
2024-01-017T08:00:00,BTC,114.415086,115.304035,113.838543,114.739684,1095.27245
2024-01-017T09:00:00,BTC,114.739684,115.606585,114.144178,115.076945,1102.655825
2024-01-017T10:00:00,BTC,115.076945,116.020019,114.550284,115.423639,1109.491212
2024-01-017T11:00:00,BTC,115.423639,116.350925,114.856943,115.776416,1115.797326
2024-01-017T12:00:00,BTC,115.776416,116.647716,115.177683,116.131851,1121.596013
2024-01-017T13:00:00,BTC,116.131851,117.078136,115.591855,116.486483,1126.912122
2024-01-017T14:00:00,BTC,116.486483,117.420032,115.930969,116.836857,1131.773355
2024-01-017T15:00:00,BTC,116.836857,117.681341,116.236872,117.179568,1066.210102
2024-01-017T16:00:00,BTC,117.179568,118.096395,116.627038,117.511303,1070.255266
2024-01-017T17:00:00,BTC,117.511303,118.419055,116.968082,117.828877,1073.944066
2024-01-017T18:00:00,BTC,117.828877,118.641633,117.229643,118.129279,1077.313828
2024-01-017T19:00:00,BTC,118.129279,118.986528,117.565267,118.409701,1080.403765
2024-01-017T20:00:00,BTC,118.409701,119.262952,117.879639,118.667577,1083.254743
2024-01-017T21:00:00,BTC,118.667577,119.42685,118.07108,118.900616,1085.909045
2024-01-017T22:00:00,BTC,118.900616,119.673847,118.326402,119.106822,1018.410115
2024-01-017T23:00:00,BTC,119.106822,119.883189,118.59052,119.284526,1020.802303
2024-01-018T00:00:00,BTC,119.284526,119.971995,118.692697,119.432405,1023.130604
2024-01-018T01:00:00,BTC,119.432405,120.105375,118.849476,119.549493,1034.559611
2024-01-018T02:00:00,BTC,119.549493,120.235173,119.047277,119.635198,1052.222859
2024-01-018T03:00:00,BTC,119.635198,120.241457,119.049874,119.689305,1069.813818
2024-01-018T04:00:00,BTC,119.689305,120.255601,119.09932,119.711982,1087.287594
2024-01-018T05:00:00,BTC,119.711982,120.31127,119.19186,119.703775,1034.599984
2024-01-018T06:00:00,BTC,119.703775,120.267446,119.08849,119.6656,1051.707741
2024-01-018T07:00:00,BTC,119.6656,120.196084,119.003495,119.598735,1068.568828
2024-01-018T08:00:00,BTC,119.598735,120.195348,118.978995,119.504802,1085.142668
2024-01-018T09:00:00,BTC,119.504802,120.078718,118.818391,119.385744,1101.390381
2024-01-018T10:00:00,BTC,119.385744,119.902483,118.645217,119.243806,1117.275016
2024-01-018T11:00:00,BTC,119.243806,119.83581,118.542319,119.081502,1132.76177
2024-01-018T12:00:00,BTC,119.081502,119.664183,118.34534,118.901588,1077.818193
2024-01-018T13:00:00,BTC,118.901588,119.404246,118.10706,118.707024,1092.414381
2024-01-018T14:00:00,BTC,118.707024,119.292578,117.949167,118.500941,1106.52315
2024-01-018T15:00:00,BTC,118.500941,119.090732,117.74258,118.286597,1120.1202
2024-01-018T16:00:00,BTC,118.286597,118.798073,117.468004,118.067343,1133.184258
2024-01-018T17:00:00,BTC,118.067343,118.644734,117.283247,117.846576,1145.697201
2024-01-018T18:00:00,BTC,117.846576,118.441681,117.096795,117.6277,1157.644168
2024-01-018T19:00:00,BTC,117.6277,118.153079,116.817356,117.414082,1099.013643
2024-01-018T20:00:00,BTC,117.414082,117.981761,116.635394,117.209012,1109.797528
2024-01-018T21:00:00,BTC,117.209012,117.807526,116.498485,117.01566,1119.991186
2024-01-018T22:00:00,BTC,117.01566,117.554436,116.244865,116.837041,1129.593472
2024-01-018T23:00:00,BTC,116.837041,117.393654,116.09354,116.675972,1138.606738
2024-01-019T00:00:00,BTC,116.675972,117.275923,116.03194,116.53504,1147.036819
2024-01-019T01:00:00,BTC,116.53504,117.086436,115.830791,116.416573,1154.893002
2024-01-019T02:00:00,BTC,116.416573,116.960987,115.733009,116.322605,1092.187964
2024-01-019T03:00:00,BTC,116.322605,116.921994,115.743818,116.254854,1098.937704
2024-01-019T04:00:00,BTC,116.254854,116.81784,115.637033,116.214703,1105.161445
2024-01-019T05:00:00,BTC,116.214703,116.746029,115.608212,116.203179,1110.881521
2024-01-019T06:00:00,BTC,116.203179,116.817779,115.678228,116.220942,1116.123243
2024-01-019T07:00:00,BTC,116.220942,116.841593,115.652937,116.268276,1120.914755
2024-01-019T08:00:00,BTC,116.268276,116.862699,115.669839,116.345089,1125.286859
2024-01-019T09:00:00,BTC,116.345089,117.043254,115.806722,116.450907,1059.272841
2024-01-019T10:00:00,BTC,116.450907,117.167069,115.89393,116.584889,1062.908269
2024-01-019T11:00:00,BTC,116.584889,117.249371,115.984952,116.745828,1066.230784
2024-01-019T12:00:00,BTC,116.745828,117.518183,116.194813,116.932175,1069.27988
2024-01-019T13:00:00,BTC,116.932175,117.731448,116.387365,117.142049,1072.096665
2024-01-019T14:00:00,BTC,117.142049,117.883866,116.542612,117.37327,1074.723622
2024-01-019T15:00:00,BTC,117.37327,118.201325,116.810628,117.623376,1077.204358
2024-01-019T16:00:00,BTC,117.623376,118.48449,117.091631,117.889663,1009.583343
2024-01-019T17:00:00,BTC,117.889663,118.693732,117.292716,118.16921,1011.90565
2024-01-019T18:00:00,BTC,118.16921,119.02725,117.596195,118.458922,1025.783314
2024-01-019T19:00:00,BTC,118.458922,119.353921,117.940876,118.755563,1043.438074
2024-01-019T20:00:00,BTC,118.755563,119.593759,118.163047,119.055801,1061.013357
2024-01-019T21:00:00,BTC,119.055801,119.913585,118.473874,119.356244,1078.464363
2024-01-019T22:00:00,BTC,119.356244,120.253407,118.852259,119.653487,1095.747023
2024-01-019T23:00:00,BTC,119.653487,120.494784,119.067253,119.94415,1042.818267
2024-01-020T00:00:00,BTC,119.94415,120.77013,119.354951,120.224924,1059.636273
2024-01-020T01:00:00,BTC,120.224924,121.092091,119.714769,120.492608,1076.160718
2024-01-020T02:00:00,BTC,120.492608,121.306449,119.914383,120.744152,1092.353016
2024-01-020T03:00:00,BTC,120.744152,121.508857,120.149466,120.976692,1108.176542
2024-01-020T04:00:00,BTC,120.976692,121.784642,120.452599,121.187587,1123.596856
2024-01-020T05:00:00,BTC,121.187587,121.947167,120.618937,121.374455,1138.5819
2024-01-020T06:00:00,BTC,121.374455,122.053676,120.776177,121.535195,1083.102191
2024-01-020T07:00:00,BTC,121.535195,122.260704,120.997647,121.668021,1097.130996
2024-01-020T08:00:00,BTC,121.668021,122.353152,121.110318,121.77148,1110.644487
2024-01-020T09:00:00,BTC,121.77148,122.348898,121.171578,121.844471,1123.621885
2024-01-020T10:00:00,BTC,121.844471,122.472717,121.294219,121.886261,1136.04558
2024-01-020T11:00:00,BTC,121.886261,122.485487,121.340661,121.896489,1147.901239
2024-01-020T12:00:00,BTC,121.896489,122.406204,121.275652,121.875179,1159.177885
2024-01-020T13:00:00,BTC,121.875179,122.453679,121.260782,121.822732,1099.86797
2024-01-020T14:00:00,BTC,121.822732,122.417275,121.207343,121.739927,1109.967411
2024-01-020T15:00:00,BTC,121.739927,122.26359,121.030748,121.627908,1119.475621
2024-01-020T16:00:00,BTC,121.627908,122.19688,120.915765,121.488173,1128.395507
2024-01-020T17:00:00,BTC,121.488173,122.086368,120.803639,121.322555,1136.733459
2024-01-020T18:00:00,BTC,121.322555,121.859693,120.540352,121.1332,1144.499306
2024-01-020T19:00:00,BTC,121.1332,121.691263,120.341122,120.922539,1151.706261
2024-01-020T20:00:00,BTC,120.922539,121.52242,120.188391,120.693261,1088.370842
2024-01-020T21:00:00,BTC,120.693261,121.243129,119.861601,120.44828,1094.512778
2024-01-020T22:00:00,BTC,120.44828,120.994273,119.601902,120.190697,1100.154884
2024-01-020T23:00:00,BTC,120.190697,120.790266,119.414492,119.923767,1105.322934
2024-01-021T00:00:00,BTC,119.923767,120.485369,119.07208,119.650853,1110.045507
2024-01-021T01:00:00,BTC,119.650853,120.183855,118.780993,119.37539,1114.353813
2024-01-021T02:00:00,BTC,119.37539,119.972654,118.577608,119.100841,1118.281516
2024-01-021T03:00:00,BTC,119.100841,119.672943,118.261363,118.830655,1051.864527
2024-01-021T04:00:00,BTC,118.830655,119.350005,117.970114,118.568224,1055.140799
2024-01-021T05:00:00,BTC,118.568224,119.161236,117.780118,118.316845,1058.150097
2024-01-021T06:00:00,BTC,118.316845,118.898003,117.521251,118.079674,1060.933767
2024-01-021T07:00:00,BTC,118.079674,118.584986,117.259836,117.859695,1063.534486
2024-01-021T08:00:00,BTC,117.859695,118.446593,117.11019,117.659675,1065.996017
2024-01-021T09:00:00,BTC,117.659675,118.248266,116.935753,117.482138,1068.362944
2024-01-021T10:00:00,BTC,117.482138,117.990972,116.729722,117.329331,1000.68041
2024-01-021T11:00:00,BTC,117.329331,117.908376,116.641943,117.203196,1017.006148
2024-01-021T12:00:00,BTC,117.203196,117.797446,116.571927,117.105346,1034.65127
2024-01-021T13:00:00,BTC,117.105346,117.628149,116.439686,117.037051,1052.209741
2024-01-021T14:00:00,BTC,117.037051,117.606661,116.427421,116.999216,1069.636858
2024-01-021T15:00:00,BTC,116.999216,117.597239,116.472588,116.992372,1086.888695
2024-01-021T16:00:00,BTC,116.992372,117.552989,116.399199,117.016674,1103.922364
2024-01-021T17:00:00,BTC,117.016674,117.630677,116.435775,117.071895,1050.696265
2024-01-021T18:00:00,BTC,117.071895,117.757265,116.566142,117.15743,1067.170336
2024-01-021T19:00:00,BTC,117.15743,117.821406,116.570314,117.272306,1083.306288
